#TradeId,Type,CashflowNo,LegNo,PayDate,FlowType,Amount,Currency,Coupon,Accrual,fixingDate,fixingValue,Notional
Swap_A,Swap,1,0,2027-05-12,InterestProjected,-39736.3584,EUR,0.0160731337,0.2472222222,2027-02-12,0.0160742088,10000000.0000
Swap_A,Swap,2,0,2027-08-12,InterestProjected,-41082.1974,EUR,0.0160756425,0.2555555556,2027-05-12,0.0160756425,10000000.0000
Swap_A,Swap,3,0,2027-11-12,InterestProjected,-41080.3655,EUR,0.0160749256,0.2555555556,2027-08-12,0.0160749256,10000000.0000
Swap_A,Swap,4,0,2028-02-14,InterestProjected,-42119.2830,EUR,0.0161307892,0.2611111111,2027-11-12,0.0161307892,10000000.0000
Swap_A,Swap,5,0,2028-05-12,InterestProjected,-41087.2305,EUR,0.0168084125,0.2444444444,2028-02-14,0.0168084125,10000000.0000
Swap_A,Swap,6,0,2028-08-14,InterestProjected,-43890.6790,EUR,0.0168091962,0.2611111111,2028-05-12,0.0168091962,10000000.0000
Swap_A,Swap,7,0,2028-11-13,InterestProjected,-42488.9221,EUR,0.0168088043,0.2527777778,2028-08-14,0.0168091962,10000000.0000
Swap_A,Swap,8,0,2029-02-12,InterestProjected,-42488.9221,EUR,0.0168088043,0.2527777778,2028-11-13,0.0168091962,10000000.0000
Swap_A,Swap,9,0,2029-05-14,InterestProjected,-42488.9221,EUR,0.0168088043,0.2527777778,2029-02-12,0.0168080207,10000000.0000
Swap_A,Swap,10,0,2029-08-13,InterestProjected,-42488.9221,EUR,0.0168088043,0.2527777778,2029-05-14,0.0168091962,10000000.0000
Swap_A,Swap,11,0,2029-11-12,InterestProjected,-42488.9221,EUR,0.0168088043,0.2527777778,2029-08-13,0.0168091962,10000000.0000
Swap_A,Swap,12,0,2030-02-12,InterestProjected,-42956.8347,EUR,0.0168091962,0.2555555556,2029-11-12,0.0168091962,10000000.0000
Swap_A,Swap,13,0,2030-05-13,InterestProjected,-42021.0312,EUR,0.0168084125,0.2500000000,2030-02-12,0.0168080207,10000000.0000
Swap_A,Swap,14,0,2030-08-12,InterestProjected,-42488.9221,EUR,0.0168088043,0.2527777778,2030-05-13,0.0168091962,10000000.0000
Swap_A,Swap,15,0,2030-11-12,InterestProjected,-42956.8347,EUR,0.0168091962,0.2555555556,2030-08-12,0.0168091962,10000000.0000
Swap_A,Swap,16,0,2031-02-12,InterestProjected,-42663.4332,EUR,0.0166943869,0.2555555556,2030-11-12,0.0166943869,10000000.0000
Swap_A,Swap,17,0,2031-05-12,InterestProjected,-35027.9160,EUR,0.0141685952,0.2472222222,2031-02-12,0.0141685952,10000000.0000
Swap_A,Swap,18,0,2031-08-12,InterestProjected,-36210.7674,EUR,0.0141694307,0.2555555556,2031-05-12,0.0141694307,10000000.0000
Swap_A,Swap,19,0,2031-11-12,InterestProjected,-36210.7674,EUR,0.0141694307,0.2555555556,2031-08-12,0.0141694307,10000000.0000
Swap_A,Swap,20,0,2032-02-12,InterestProjected,-36212.1910,EUR,0.0141699878,0.2555555556,2031-11-12,0.0141699878,10000000.0000
Swap_A,Swap,21,0,2032-05-12,InterestProjected,-35420.7918,EUR,0.0141683167,0.2500000000,2032-02-12,0.0141691522,10000000.0000
Swap_A,Swap,22,0,2032-08-12,InterestProjected,-36212.1910,EUR,0.0141699878,0.2555555556,2032-05-12,0.0141699878,10000000.0000
Swap_A,Swap,23,0,2032-11-12,InterestProjected,-36210.7674,EUR,0.0141694307,0.2555555556,2032-08-12,0.0141694307,10000000.0000
Swap_A,Swap,24,0,2033-02-14,InterestProjected,-36997.9580,EUR,0.0141694307,0.2611111111,2032-11-12,0.0141694307,10000000.0000
Swap_A,Swap,25,0,2033-05-12,InterestProjected,-34240.7718,EUR,0.0141685952,0.2416666667,2033-02-14,0.0141685952,10000000.0000
Swap_A,Swap,26,0,2033-08-12,InterestProjected,-36210.7674,EUR,0.0141694307,0.2555555556,2033-05-12,0.0141694307,10000000.0000
Swap_A,Swap,27,0,2033-11-14,InterestProjected,-36997.9580,EUR,0.0141694307,0.2611111111,2033-08-12,0.0141694307,10000000.0000
Swap_A,Swap,28,0,2034-02-13,InterestProjected,-35816.4681,EUR,0.0141691522,0.2527777778,2033-11-14,0.0141694307,10000000.0000
Swap_A,Swap,29,0,2034-05-12,InterestProjected,-34635.0246,EUR,0.0141688737,0.2444444444,2034-02-13,0.0141685952,10000000.0000
Swap_A,Swap,30,0,2034-08-14,InterestProjected,-36997.9580,EUR,0.0141694307,0.2611111111,2034-05-12,0.0141694307,10000000.0000
Swap_A,Swap,31,0,2034-11-13,InterestProjected,-35816.4681,EUR,0.0141691522,0.2527777778,2034-08-14,0.0141694307,10000000.0000
Swap_A,Swap,32,0,2035-02-12,InterestProjected,-35816.4681,EUR,0.0141691522,0.2527777778,2034-11-13,0.0141694307,10000000.0000
Swap_A,Swap,33,0,2035-05-14,InterestProjected,-35816.4681,EUR,0.0141691522,0.2527777778,2035-02-12,0.0141685952,10000000.0000
Swap_A,Swap,34,0,2035-08-13,InterestProjected,-35816.4681,EUR,0.0141691522,0.2527777778,2035-05-14,0.0141694307,10000000.0000
Swap_A,Swap,35,0,2035-11-12,InterestProjected,-35816.4681,EUR,0.0141691522,0.2527777778,2035-08-13,0.0141694307,10000000.0000
Swap_A,Swap,36,0,2036-02-12,InterestProjected,-36140.3781,EUR,0.0141418871,0.2555555556,2035-11-12,0.0141418871,10000000.0000
Swap_A,Swap,37,0,2036-05-12,InterestProjected,-33310.8849,EUR,0.0133243540,0.2500000000,2036-02-12,0.0133243540,10000000.0000
Swap_A,Swap,38,0,2036-08-12,InterestProjected,-34052.3857,EUR,0.0133248466,0.2555555556,2036-05-12,0.0133248466,10000000.0000
Swap_A,Swap,39,0,2036-11-12,InterestProjected,-34052.3857,EUR,0.0133248466,0.2555555556,2036-08-12,0.0133248466,10000000.0000
Swap_A,Swap,40,0,2037-02-09,InterestProjected,-32940.1550,EUR,0.0133241077,0.2472222222,2036-11-12,0.0133253392,10000000.0000
Swap_A,Swap,1,1,2028-02-14,Interest,201030.0172,EUR,0.0200000000,1.0051500861,#N/A,#N/A,10000000.0000
Swap_A,Swap,2,1,2029-02-12,Interest,198969.9828,EUR,0.0200000000,0.9948499139,#N/A,#N/A,10000000.0000
Swap_A,Swap,3,1,2030-02-12,Interest,200000.0000,EUR,0.0200000000,1.0000000000,#N/A,#N/A,10000000.0000
Swap_A,Swap,4,1,2031-02-12,Interest,200000.0000,EUR,0.0200000000,1.0000000000,#N/A,#N/A,10000000.0000
Swap_A,Swap,5,1,2032-02-12,Interest,199937.1210,EUR,0.0200000000,0.9996856052,#N/A,#N/A,10000000.0000
Swap_A,Swap,6,1,2033-02-14,Interest,201158.7694,EUR,0.0200000000,1.0057938468,#N/A,#N/A,10000000.0000
Swap_A,Swap,7,1,2034-02-13,Interest,199452.0548,EUR,0.0200000000,0.9972602740,#N/A,#N/A,10000000.0000
Swap_A,Swap,8,1,2035-02-12,Interest,199452.0548,EUR,0.0200000000,0.9972602740,#N/A,#N/A,10000000.0000
Swap_A,Swap,9,1,2036-02-12,Interest,199937.1210,EUR,0.0200000000,0.9996856052,#N/A,#N/A,10000000.0000
Swap_A,Swap,10,1,2037-02-09,Interest,198419.0433,EUR,0.0200000000,0.9920952167,#N/A,#N/A,10000000.0000
Swap_B,Swap,1,0,2028-03-22,InterestProjected,-41530.2919,EUR,0.0164295660,0.2527777778,2027-12-22,0.0164295660,10000000.0000
Swap_B,Swap,2,0,2028-06-22,InterestProjected,-42958.8377,EUR,0.0168099800,0.2555555556,2028-03-22,0.0168099800,10000000.0000
Swap_B,Swap,3,0,2028-09-22,InterestProjected,-42956.8347,EUR,0.0168091962,0.2555555556,2028-06-22,0.0168091962,10000000.0000
Swap_B,Swap,4,0,2028-12-22,InterestProjected,-42490.9032,EUR,0.0168095881,0.2527777778,2028-09-22,0.0168091962,10000000.0000
Swap_B,Swap,5,0,2029-03-22,InterestProjected,-42019.0721,EUR,0.0168076288,0.2500000000,2028-12-22,0.0168084125,10000000.0000
Swap_B,Swap,6,0,2029-06-22,InterestProjected,-42956.8347,EUR,0.0168091962,0.2555555556,2029-03-22,0.0168091962,10000000.0000
Swap_B,Swap,7,0,2029-09-24,InterestProjected,-43890.6790,EUR,0.0168091962,0.2611111111,2029-06-22,0.0168091962,10000000.0000
Swap_B,Swap,8,0,2029-12-24,InterestProjected,-42490.9032,EUR,0.0168095881,0.2527777778,2029-09-24,0.0168091962,10000000.0000
Swap_B,Swap,9,0,2030-03-22,InterestProjected,-41085.3149,EUR,0.0168076288,0.2444444444,2029-12-24,0.0168084125,10000000.0000
Swap_B,Swap,10,0,2030-06-24,InterestProjected,-43890.6790,EUR,0.0168091962,0.2611111111,2030-03-22,0.0168091962,10000000.0000
Swap_B,Swap,11,0,2030-09-23,InterestProjected,-42488.9221,EUR,0.0168088043,0.2527777778,2030-06-24,0.0168091962,10000000.0000
Swap_B,Swap,12,0,2030-12-23,InterestProjected,-42490.9032,EUR,0.0168095881,0.2527777778,2030-09-23,0.0168095881,10000000.0000
Swap_B,Swap,13,0,2031-03-24,InterestProjected,-39187.9410,EUR,0.0155029217,0.2527777778,2030-12-23,0.0154884262,10000000.0000
Swap_B,Swap,14,0,2031-06-23,InterestProjected,-35816.4681,EUR,0.0141691522,0.2527777778,2031-03-24,0.0141694307,10000000.0000
Swap_B,Swap,15,0,2031-09-22,InterestProjected,-35816.4681,EUR,0.0141691522,0.2527777778,2031-06-23,0.0141694307,10000000.0000
Swap_B,Swap,16,0,2031-12-22,InterestProjected,-35816.4681,EUR,0.0141691522,0.2527777778,2031-09-22,0.0141691522,10000000.0000
Swap_B,Swap,17,0,2032-03-22,InterestProjected,-35816.4681,EUR,0.0141691522,0.2527777778,2031-12-22,0.0141691522,10000000.0000
Swap_B,Swap,18,0,2032-06-22,InterestProjected,-36210.7674,EUR,0.0141694307,0.2555555556,2032-03-22,0.0141694307,10000000.0000
Swap_B,Swap,19,0,2032-09-22,InterestProjected,-36210.7674,EUR,0.0141694307,0.2555555556,2032-06-22,0.0141694307,10000000.0000
Swap_B,Swap,20,0,2032-12-22,InterestProjected,-35816.4681,EUR,0.0141691522,0.2527777778,2032-09-22,0.0141691522,10000000.0000
Swap_B,Swap,21,0,2033-03-22,InterestProjected,-35422.1843,EUR,0.0141688737,0.2500000000,2032-12-22,0.0141688737,10000000.0000
Swap_B,Swap,22,0,2033-06-22,InterestProjected,-36210.7674,EUR,0.0141694307,0.2555555556,2033-03-22,0.0141694307,10000000.0000
Swap_B,Swap,23,0,2033-09-22,InterestProjected,-36212.1910,EUR,0.0141699878,0.2555555556,2033-06-22,0.0141699878,10000000.0000
Swap_B,Swap,24,0,2033-12-22,InterestProjected,-35817.1721,EUR,0.0141694307,0.2527777778,2033-09-22,0.0141694307,10000000.0000
Swap_B,Swap,25,0,2034-03-22,InterestProjected,-35420.0956,EUR,0.0141680383,0.2500000000,2033-12-22,0.0141688737,10000000.0000
Swap_B,Swap,26,0,2034-06-22,InterestProjected,-36212.1910,EUR,0.0141699878,0.2555555556,2034-03-22,0.0141699878,10000000.0000
Swap_B,Swap,27,0,2034-09-22,InterestProjected,-36210.7674,EUR,0.0141694307,0.2555555556,2034-06-22,0.0141694307,10000000.0000
Swap_B,Swap,28,0,2034-12-22,InterestProjected,-35817.8762,EUR,0.0141697093,0.2527777778,2034-09-22,0.0141694307,10000000.0000
Swap_B,Swap,29,0,2035-03-22,InterestProjected,-35422.1843,EUR,0.0141688737,0.2500000000,2034-12-22,0.0141688737,10000000.0000
Swap_B,Swap,30,0,2035-06-22,InterestProjected,-36209.3440,EUR,0.0141688737,0.2555555556,2035-03-22,0.0141694307,10000000.0000
Swap_B,Swap,31,0,2035-09-24,InterestProjected,-36997.9580,EUR,0.0141694307,0.2611111111,2035-06-22,0.0141694307,10000000.0000
Swap_B,Swap,32,0,2035-12-24,InterestProjected,-35817.8762,EUR,0.0141697093,0.2527777778,2035-09-24,0.0141694307,10000000.0000
Swap_B,Swap,33,0,2036-03-24,InterestProjected,-34759.6588,EUR,0.0137510738,0.2527777778,2035-12-24,0.0137422134,10000000.0000
Swap_B,Swap,34,0,2036-06-23,InterestProjected,-33681.6285,EUR,0.0133246003,0.2527777778,2036-03-24,0.0133248466,10000000.0000
Swap_B,Swap,35,0,2036-09-22,InterestProjected,-33681.6285,EUR,0.0133246003,0.2527777778,2036-06-23,0.0133248466,10000000.0000
Swap_B,Swap,36,0,2036-12-22,InterestProjected,-33681.6285,EUR,0.0133246003,0.2527777778,2036-09-22,0.0133246003,10000000.0000
Swap_B,Swap,37,0,2037-03-23,InterestProjected,-33681.6285,EUR,0.0133246003,0.2527777778,2036-12-22,0.0133243540,10000000.0000
Swap_B,Swap,38,0,2037-06-22,InterestProjected,-33681.6285,EUR,0.0133246003,0.2527777778,2037-03-23,0.0133248466,10000000.0000
Swap_B,Swap,39,0,2037-09-22,InterestProjected,-34052.3857,EUR,0.0133248466,0.2555555556,2037-06-22,0.0133248466,10000000.0000
Swap_B,Swap,40,0,2037-12-21,InterestProjected,-33310.8849,EUR,0.0133243540,0.2500000000,2037-09-22,0.0133246003,10000000.0000
Swap_B,Swap,1,1,2028-12-22,Interest,200014.9712,EUR,0.0200000000,1.0000748559,#N/A,#N/A,10000000.0000
Swap_B,Swap,2,1,2029-12-24,Interest,201080.9192,EUR,0.0200000000,1.0054045962,#N/A,#N/A,10000000.0000
Swap_B,Swap,3,1,2030-12-23,Interest,199452.0548,EUR,0.0200000000,0.9972602740,#N/A,#N/A,10000000.0000
Swap_B,Swap,4,1,2031-12-22,Interest,199452.0548,EUR,0.0200000000,0.9972602740,#N/A,#N/A,10000000.0000
Swap_B,Swap,5,1,2032-12-22,Interest,200014.9712,EUR,0.0200000000,1.0000748559,#N/A,#N/A,10000000.0000
Swap_B,Swap,6,1,2033-12-22,Interest,199985.0288,EUR,0.0200000000,0.9999251441,#N/A,#N/A,10000000.0000
Swap_B,Swap,7,1,2034-12-22,Interest,200000.0000,EUR,0.0200000000,1.0000000000,#N/A,#N/A,10000000.0000
Swap_B,Swap,8,1,2035-12-24,Interest,201095.8904,EUR,0.0200000000,1.0054794521,#N/A,#N/A,10000000.0000
Swap_B,Swap,9,1,2036-12-22,Interest,198919.0808,EUR,0.0200000000,0.9945954038,#N/A,#N/A,10000000.0000
Swap_B,Swap,10,1,2037-12-21,Interest,199437.0836,EUR,0.0200000000,0.9971854181,#N/A,#N/A,10000000.0000
Swap_C,Swap,1,0,2031-02-10,InterestProjected,-42342.2271,EUR,0.0167507711,0.2527777778,2030-11-11,0.0167230889,10000000.0000
Swap_C,Swap,2,0,2031-05-12,InterestProjected,-35816.4681,EUR,0.0141691522,0.2527777778,2031-02-10,0.0141685952,10000000.0000
Swap_C,Swap,3,0,2031-08-11,InterestProjected,-35816.4681,EUR,0.0141691522,0.2527777778,2031-05-12,0.0141694307,10000000.0000
Swap_C,Swap,4,0,2031-11-10,InterestProjected,-35816.4681,EUR,0.0141691522,0.2527777778,2031-08-11,0.0141694307,10000000.0000
Swap_C,Swap,5,0,2032-02-10,InterestProjected,-36210.7674,EUR,0.0141694307,0.2555555556,2031-11-10,0.0141694307,10000000.0000
Swap_C,Swap,6,0,2032-05-10,InterestProjected,-35422.1843,EUR,0.0141688737,0.2500000000,2032-02-10,0.0141688737,10000000.0000
Swap_C,Swap,7,0,2032-08-10,InterestProjected,-36210.7674,EUR,0.0141694307,0.2555555556,2032-05-10,0.0141694307,10000000.0000
Swap_C,Swap,8,0,2032-11-10,InterestProjected,-36210.7674,EUR,0.0141694307,0.2555555556,2032-08-10,0.0141694307,10000000.0000
Swap_C,Swap,9,0,2033-02-10,InterestProjected,-36212.1910,EUR,0.0141699878,0.2555555556,2032-11-10,0.0141699878,10000000.0000
Swap_C,Swap,10,0,2033-05-10,InterestProjected,-35026.5390,EUR,0.0141680383,0.2472222222,2033-02-10,0.0141691522,10000000.0000
Swap_C,Swap,11,0,2033-08-10,InterestProjected,-36210.7674,EUR,0.0141694307,0.2555555556,2033-05-10,0.0141694307,10000000.0000
Swap_C,Swap,12,0,2033-11-10,InterestProjected,-36212.1910,EUR,0.0141699878,0.2555555556,2033-08-10,0.0141699878,10000000.0000
Swap_C,Swap,13,0,2034-02-10,InterestProjected,-36210.7674,EUR,0.0141694307,0.2555555556,2033-11-10,0.0141694307,10000000.0000
Swap_C,Swap,14,0,2034-05-10,InterestProjected,-35026.5390,EUR,0.0141680383,0.2472222222,2034-02-10,0.0141688737,10000000.0000
Swap_C,Swap,15,0,2034-08-10,InterestProjected,-36212.1910,EUR,0.0141699878,0.2555555556,2034-05-10,0.0141699878,10000000.0000
Swap_C,Swap,16,0,2034-11-10,InterestProjected,-36210.7674,EUR,0.0141694307,0.2555555556,2034-08-10,0.0141694307,10000000.0000
Swap_C,Swap,17,0,2035-02-12,InterestProjected,-36997.9580,EUR,0.0141694307,0.2611111111,2034-11-10,0.0141694307,10000000.0000
Swap_C,Swap,18,0,2035-05-10,InterestProjected,-34240.7718,EUR,0.0141685952,0.2416666667,2035-02-12,0.0141685952,10000000.0000
Swap_C,Swap,19,0,2035-08-10,InterestProjected,-36210.7674,EUR,0.0141694307,0.2555555556,2035-05-10,0.0141694307,10000000.0000
Swap_C,Swap,20,0,2035-11-12,InterestProjected,-36997.9580,EUR,0.0141694307,0.2611111111,2035-08-10,0.0141694307,10000000.0000
Swap_C,Swap,21,0,2036-02-11,InterestProjected,-35769.5437,EUR,0.0141505887,0.2527777778,2035-11-12,0.0141418871,10000000.0000
Swap_C,Swap,22,0,2036-05-12,InterestProjected,-33681.6285,EUR,0.0133246003,0.2527777778,2036-02-11,0.0133243540,10000000.0000
Swap_C,Swap,23,0,2036-08-11,InterestProjected,-33681.6285,EUR,0.0133246003,0.2527777778,2036-05-12,0.0133248466,10000000.0000
Swap_C,Swap,24,0,2036-11-10,InterestProjected,-33681.6285,EUR,0.0133246003,0.2527777778,2036-08-11,0.0133248466,10000000.0000
Swap_C,Swap,25,0,2037-02-10,InterestProjected,-34052.3857,EUR,0.0133248466,0.2555555556,2036-11-10,0.0133248466,10000000.0000
Swap_C,Swap,26,0,2037-05-11,InterestProjected,-33310.8849,EUR,0.0133243540,0.2500000000,2037-02-10,0.0133241077,10000000.0000
Swap_C,Swap,27,0,2037-08-10,InterestProjected,-33681.6285,EUR,0.0133246003,0.2527777778,2037-05-11,0.0133248466,10000000.0000
Swap_C,Swap,28,0,2037-11-10,InterestProjected,-34052.3857,EUR,0.0133248466,0.2555555556,2037-08-10,0.0133248466,10000000.0000
Swap_C,Swap,29,0,2038-02-10,InterestProjected,-34052.3857,EUR,0.0133248466,0.2555555556,2037-11-10,0.0133248466,10000000.0000
Swap_C,Swap,30,0,2038-05-10,InterestProjected,-32940.1550,EUR,0.0133241077,0.2472222222,2038-02-10,0.0133241077,10000000.0000
Swap_C,Swap,31,0,2038-08-10,InterestProjected,-34052.3857,EUR,0.0133248466,0.2555555556,2038-05-10,0.0133248466,10000000.0000
Swap_C,Swap,32,0,2038-11-10,InterestProjected,-34052.3857,EUR,0.0133248466,0.2555555556,2038-08-10,0.0133248466,10000000.0000
Swap_C,Swap,33,0,2039-02-10,InterestProjected,-34053.6447,EUR,0.0133253392,0.2555555556,2038-11-10,0.0133253392,10000000.0000
Swap_C,Swap,34,0,2039-05-10,InterestProjected,-32938.9372,EUR,0.0133236151,0.2472222222,2039-02-10,0.0133246003,10000000.0000
Swap_C,Swap,35,0,2039-08-10,InterestProjected,-34052.3857,EUR,0.0133248466,0.2555555556,2039-05-10,0.0133248466,10000000.0000
Swap_C,Swap,36,0,2039-11-10,InterestProjected,-34053.6447,EUR,0.0133253392,0.2555555556,2039-08-10,0.0133253392,10000000.0000
Swap_C,Swap,37,0,2040-02-10,InterestProjected,-34052.3857,EUR,0.0133248466,0.2555555556,2039-11-10,0.0133248466,10000000.0000
Swap_C,Swap,38,0,2040-05-10,InterestProjected,-33310.8849,EUR,0.0133243540,0.2500000000,2040-02-10,0.0133243540,10000000.0000
Swap_C,Swap,39,0,2040-08-10,InterestProjected,-34052.3857,EUR,0.0133248466,0.2555555556,2040-05-10,0.0133248466,10000000.0000
Swap_C,Swap,40,0,2040-11-07,InterestProjected,-32938.9372,EUR,0.0133236151,0.2472222222,2040-08-10,0.0133248466,10000000.0000
Swap_C,Swap,1,1,2031-11-10,Interest,199452.0548,EUR,0.0200000000,0.9972602740,#N/A,#N/A,10000000.0000
Swap_C,Swap,2,1,2032-11-10,Interest,200077.8501,EUR,0.0200000000,1.0003892507,#N/A,#N/A,10000000.0000
Swap_C,Swap,3,1,2033-11-10,Interest,199922.1499,EUR,0.0200000000,0.9996107493,#N/A,#N/A,10000000.0000
Swap_C,Swap,4,1,2034-11-10,Interest,200000.0000,EUR,0.0200000000,1.0000000000,#N/A,#N/A,10000000.0000
Swap_C,Swap,5,1,2035-11-12,Interest,201095.8904,EUR,0.0200000000,1.0054794521,#N/A,#N/A,10000000.0000
Swap_C,Swap,6,1,2036-11-10,Interest,198981.9597,EUR,0.0200000000,0.9949097986,#N/A,#N/A,10000000.0000
Swap_C,Swap,7,1,2037-11-10,Interest,199922.1499,EUR,0.0200000000,0.9996107493,#N/A,#N/A,10000000.0000
Swap_C,Swap,8,1,2038-11-10,Interest,200000.0000,EUR,0.0200000000,1.0000000000,#N/A,#N/A,10000000.0000
Swap_C,Swap,9,1,2039-11-10,Interest,200000.0000,EUR,0.0200000000,1.0000000000,#N/A,#N/A,10000000.0000
Swap_C,Swap,10,1,2040-11-07,Interest,198438.5059,EUR,0.0200000000,0.9921925294,#N/A,#N/A,10000000.0000
Swap_D,Swap,1,0,2029-03-29,InterestProjected,-42022.0108,EUR,0.0168088043,0.2500000000,2028-12-29,0.0168084125,10000000.0000
Swap_D,Swap,2,0,2029-06-29,InterestProjected,-42954.8319,EUR,0.0168084125,0.2555555556,2029-03-29,0.0168088043,10000000.0000
Swap_D,Swap,3,0,2029-09-28,InterestProjected,-42488.9221,EUR,0.0168088043,0.2527777778,2029-06-29,0.0168091962,10000000.0000
Swap_D,Swap,4,0,2029-12-31,InterestProjected,-43891.7022,EUR,0.0168095881,0.2611111111,2029-09-28,0.0168091962,10000000.0000
Swap_D,Swap,5,0,2030-03-29,InterestProjected,-41086.2727,EUR,0.0168080207,0.2444444444,2029-12-31,0.0168084125,10000000.0000
Swap_D,Swap,6,0,2030-06-28,InterestProjected,-42488.9221,EUR,0.0168088043,0.2527777778,2030-03-29,0.0168088043,10000000.0000
Swap_D,Swap,7,0,2030-09-30,InterestProjected,-43890.6790,EUR,0.0168091962,0.2611111111,2030-06-28,0.0168091962,10000000.0000
Swap_D,Swap,8,0,2030-12-30,InterestProjected,-42489.9126,EUR,0.0168091962,0.2527777778,2030-09-30,0.0168091962,10000000.0000
Swap_D,Swap,9,0,2031-03-31,InterestProjected,-38706.4982,EUR,0.0153124608,0.2527777778,2030-12-30,0.0153124608,10000000.0000
Swap_D,Swap,10,0,2031-06-30,InterestProjected,-35816.4681,EUR,0.0141691522,0.2527777778,2031-03-31,0.0141691522,10000000.0000
Swap_D,Swap,11,0,2031-09-30,InterestProjected,-36210.7674,EUR,0.0141694307,0.2555555556,2031-06-30,0.0141694307,10000000.0000
Swap_D,Swap,12,0,2031-12-30,InterestProjected,-35817.1721,EUR,0.0141694307,0.2527777778,2031-09-30,0.0141694307,10000000.0000
Swap_D,Swap,13,0,2032-03-30,InterestProjected,-35815.7641,EUR,0.0141688737,0.2527777778,2031-12-30,0.0141691522,10000000.0000
Swap_D,Swap,14,0,2032-06-30,InterestProjected,-36210.7674,EUR,0.0141694307,0.2555555556,2032-03-30,0.0141691522,10000000.0000
Swap_D,Swap,15,0,2032-09-30,InterestProjected,-36212.1910,EUR,0.0141699878,0.2555555556,2032-06-30,0.0141699878,10000000.0000
Swap_D,Swap,16,0,2032-12-30,InterestProjected,-35816.4681,EUR,0.0141691522,0.2527777778,2032-09-30,0.0141694307,10000000.0000
Swap_D,Swap,17,0,2033-03-30,InterestProjected,-35420.7918,EUR,0.0141683167,0.2500000000,2032-12-30,0.0141691522,10000000.0000
Swap_D,Swap,18,0,2033-06-30,InterestProjected,-36212.1910,EUR,0.0141699878,0.2555555556,2033-03-30,0.0141691522,10000000.0000
Swap_D,Swap,19,0,2033-09-30,InterestProjected,-36210.7674,EUR,0.0141694307,0.2555555556,2033-06-30,0.0141694307,10000000.0000
Swap_D,Swap,20,0,2033-12-30,InterestProjected,-35816.4681,EUR,0.0141691522,0.2527777778,2033-09-30,0.0141694307,10000000.0000
Swap_D,Swap,21,0,2034-03-30,InterestProjected,-35422.1843,EUR,0.0141688737,0.2500000000,2033-12-30,0.0141688737,10000000.0000
Swap_D,Swap,22,0,2034-06-30,InterestProjected,-36210.7674,EUR,0.0141694307,0.2555555556,2034-03-30,0.0141691522,10000000.0000
Swap_D,Swap,23,0,2034-09-29,InterestProjected,-35816.4681,EUR,0.0141691522,0.2527777778,2034-06-30,0.0141694307,10000000.0000
Swap_D,Swap,24,0,2034-12-29,InterestProjected,-35817.1721,EUR,0.0141694307,0.2527777778,2034-09-29,0.0141694307,10000000.0000
Swap_D,Swap,25,0,2035-03-30,InterestProjected,-35815.7641,EUR,0.0141688737,0.2527777778,2034-12-29,0.0141688737,10000000.0000
Swap_D,Swap,26,0,2035-06-29,InterestProjected,-35816.4681,EUR,0.0141691522,0.2527777778,2035-03-30,0.0141691522,10000000.0000
Swap_D,Swap,27,0,2035-09-28,InterestProjected,-35816.4681,EUR,0.0141691522,0.2527777778,2035-06-29,0.0141694307,10000000.0000
Swap_D,Swap,28,0,2035-12-31,InterestProjected,-36998.6853,EUR,0.0141697093,0.2611111111,2035-09-28,0.0141694307,10000000.0000
Swap_D,Swap,29,0,2036-03-31,InterestProjected,-34606.0126,EUR,0.0136902907,0.2527777778,2035-12-31,0.0136865291,10000000.0000
Swap_D,Swap,30,0,2036-06-30,InterestProjected,-33681.6285,EUR,0.0133246003,0.2527777778,2036-03-31,0.0133246003,10000000.0000
Swap_D,Swap,31,0,2036-09-30,InterestProjected,-34052.3857,EUR,0.0133248466,0.2555555556,2036-06-30,0.0133248466,10000000.0000
Swap_D,Swap,32,0,2036-12-30,InterestProjected,-33682.2511,EUR,0.0133248466,0.2527777778,2036-09-30,0.0133248466,10000000.0000
Swap_D,Swap,33,0,2037-03-30,InterestProjected,-33310.2691,EUR,0.0133241077,0.2500000000,2036-12-30,0.0133243540,10000000.0000
Swap_D,Swap,34,0,2037-06-30,InterestProjected,-34052.3857,EUR,0.0133248466,0.2555555556,2037-03-30,0.0133246003,10000000.0000
Swap_D,Swap,35,0,2037-09-30,InterestProjected,-34052.3857,EUR,0.0133248466,0.2555555556,2037-06-30,0.0133248466,10000000.0000
Swap_D,Swap,36,0,2037-12-30,InterestProjected,-33683.4964,EUR,0.0133253392,0.2527777778,2037-09-30,0.0133253392,10000000.0000
Swap_D,Swap,37,0,2038-03-30,InterestProjected,-33309.0377,EUR,0.0133236151,0.2500000000,2037-12-30,0.0133246003,10000000.0000
Swap_D,Swap,38,0,2038-06-30,InterestProjected,-34052.3857,EUR,0.0133248466,0.2555555556,2038-03-30,0.0133246003,10000000.0000
Swap_D,Swap,39,0,2038-09-30,InterestProjected,-34053.6447,EUR,0.0133253392,0.2555555556,2038-06-30,0.0133253392,10000000.0000
Swap_D,Swap,40,0,2038-12-28,InterestProjected,-32938.9372,EUR,0.0133236151,0.2472222222,2038-09-30,0.0133248466,10000000.0000
Swap_D,Swap,1,1,2029-12-31,Interest,198904.1096,EUR,0.0200000000,0.9945205479,#N/A,#N/A,10000000.0000
Swap_D,Swap,2,1,2030-12-30,Interest,199452.0548,EUR,0.0200000000,0.9972602740,#N/A,#N/A,10000000.0000
Swap_D,Swap,3,1,2031-12-30,Interest,200000.0000,EUR,0.0200000000,1.0000000000,#N/A,#N/A,10000000.0000
Swap_D,Swap,4,1,2032-12-30,Interest,200002.9942,EUR,0.0200000000,1.0000149712,#N/A,#N/A,10000000.0000
Swap_D,Swap,5,1,2033-12-30,Interest,199997.0058,EUR,0.0200000000,0.9999850288,#N/A,#N/A,10000000.0000
Swap_D,Swap,6,1,2035-01-02,Interest,201643.8356,EUR,0.0200000000,1.0082191781,#N/A,#N/A,10000000.0000
Swap_D,Swap,7,1,2035-12-31,Interest,198904.1096,EUR,0.0200000000,0.9945205479,#N/A,#N/A,10000000.0000
Swap_D,Swap,8,1,2036-12-30,Interest,199455.0490,EUR,0.0200000000,0.9972752452,#N/A,#N/A,10000000.0000
Swap_D,Swap,9,1,2037-12-30,Interest,199997.0058,EUR,0.0200000000,0.9999850288,#N/A,#N/A,10000000.0000
Swap_D,Swap,10,1,2038-12-28,Interest,198904.1096,EUR,0.0200000000,0.9945205479,#N/A,#N/A,10000000.0000
Swap_E,Swap,1,0,2031-03-03,InterestProjected,-40802.0589,EUR,0.0161414738,0.2527777778,2030-12-02,0.0161630317,10000000.0000
Swap_E,Swap,2,0,2031-06-02,InterestProjected,-35816.4681,EUR,0.0141691522,0.2527777778,2031-03-03,0.0141694307,10000000.0000
Swap_E,Swap,3,0,2031-09-02,InterestProjected,-36210.7674,EUR,0.0141694307,0.2555555556,2031-06-02,0.0141694307,10000000.0000
Swap_E,Swap,4,0,2031-12-02,InterestProjected,-35816.4681,EUR,0.0141691522,0.2527777778,2031-09-02,0.0141691522,10000000.0000
Swap_E,Swap,5,0,2032-03-02,InterestProjected,-35816.4681,EUR,0.0141691522,0.2527777778,2031-12-02,0.0141691522,10000000.0000
Swap_E,Swap,6,0,2032-06-02,InterestProjected,-36210.7674,EUR,0.0141694307,0.2555555556,2032-03-02,0.0141694307,10000000.0000
Swap_E,Swap,7,0,2032-09-02,InterestProjected,-36212.1910,EUR,0.0141699878,0.2555555556,2032-06-02,0.0141699878,10000000.0000
Swap_E,Swap,8,0,2032-12-02,InterestProjected,-35816.4681,EUR,0.0141691522,0.2527777778,2032-09-02,0.0141691522,10000000.0000
Swap_E,Swap,9,0,2033-03-02,InterestProjected,-35420.7918,EUR,0.0141683167,0.2500000000,2032-12-02,0.0141691522,10000000.0000
Swap_E,Swap,10,0,2033-06-02,InterestProjected,-36212.1910,EUR,0.0141699878,0.2555555556,2033-03-02,0.0141699878,10000000.0000
Swap_E,Swap,11,0,2033-09-02,InterestProjected,-36210.7674,EUR,0.0141694307,0.2555555556,2033-06-02,0.0141694307,10000000.0000
Swap_E,Swap,12,0,2033-12-02,InterestProjected,-35816.4681,EUR,0.0141691522,0.2527777778,2033-09-02,0.0141691522,10000000.0000
Swap_E,Swap,13,0,2034-03-02,InterestProjected,-35422.1843,EUR,0.0141688737,0.2500000000,2033-12-02,0.0141688737,10000000.0000
Swap_E,Swap,14,0,2034-06-02,InterestProjected,-36210.7674,EUR,0.0141694307,0.2555555556,2034-03-02,0.0141694307,10000000.0000
Swap_E,Swap,15,0,2034-09-04,InterestProjected,-36997.9580,EUR,0.0141694307,0.2611111111,2034-06-02,0.0141694307,10000000.0000
Swap_E,Swap,16,0,2034-12-04,InterestProjected,-35816.4681,EUR,0.0141691522,0.2527777778,2034-09-04,0.0141691522,10000000.0000
Swap_E,Swap,17,0,2035-03-02,InterestProjected,-34635.0246,EUR,0.0141688737,0.2444444444,2034-12-04,0.0141688737,10000000.0000
Swap_E,Swap,18,0,2035-06-04,InterestProjected,-36997.9580,EUR,0.0141694307,0.2611111111,2035-03-02,0.0141694307,10000000.0000
Swap_E,Swap,19,0,2035-09-03,InterestProjected,-35816.4681,EUR,0.0141691522,0.2527777778,2035-06-04,0.0141694307,10000000.0000
Swap_E,Swap,20,0,2035-12-03,InterestProjected,-35816.4681,EUR,0.0141691522,0.2527777778,2035-09-03,0.0141691522,10000000.0000
Swap_E,Swap,21,0,2036-03-03,InterestProjected,-35276.8504,EUR,0.0139556771,0.2527777778,2035-12-03,0.0139556771,10000000.0000
Swap_E,Swap,22,0,2036-06-02,InterestProjected,-33681.6285,EUR,0.0133246003,0.2527777778,2036-03-03,0.0133248466,10000000.0000
Swap_E,Swap,23,0,2036-09-02,InterestProjected,-34052.3857,EUR,0.0133248466,0.2555555556,2036-06-02,0.0133248466,10000000.0000
Swap_E,Swap,24,0,2036-12-02,InterestProjected,-33681.6285,EUR,0.0133246003,0.2527777778,2036-09-02,0.0133246003,10000000.0000
Swap_E,Swap,25,0,2037-03-02,InterestProjected,-33310.8849,EUR,0.0133243540,0.2500000000,2036-12-02,0.0133243540,10000000.0000
Swap_E,Swap,26,0,2037-06-02,InterestProjected,-34052.3857,EUR,0.0133248466,0.2555555556,2037-03-02,0.0133248466,10000000.0000
Swap_E,Swap,27,0,2037-09-02,InterestProjected,-34052.3857,EUR,0.0133248466,0.2555555556,2037-06-02,0.0133248466,10000000.0000
Swap_E,Swap,28,0,2037-12-02,InterestProjected,-33681.6285,EUR,0.0133246003,0.2527777778,2037-09-02,0.0133246003,10000000.0000
Swap_E,Swap,29,0,2038-03-02,InterestProjected,-33310.8849,EUR,0.0133243540,0.2500000000,2037-12-02,0.0133243540,10000000.0000
Swap_E,Swap,30,0,2038-06-02,InterestProjected,-34052.3857,EUR,0.0133248466,0.2555555556,2038-03-02,0.0133248466,10000000.0000
Swap_E,Swap,31,0,2038-09-02,InterestProjected,-34053.6447,EUR,0.0133253392,0.2555555556,2038-06-02,0.0133253392,10000000.0000
Swap_E,Swap,32,0,2038-12-02,InterestProjected,-33681.6285,EUR,0.0133246003,0.2527777778,2038-09-02,0.0133246003,10000000.0000
Swap_E,Swap,33,0,2039-03-02,InterestProjected,-33309.6534,EUR,0.0133238614,0.2500000000,2038-12-02,0.0133246003,10000000.0000
Swap_E,Swap,34,0,2039-06-02,InterestProjected,-34053.6447,EUR,0.0133253392,0.2555555556,2039-03-02,0.0133253392,10000000.0000
Swap_E,Swap,35,0,2039-09-02,InterestProjected,-34052.3857,EUR,0.0133248466,0.2555555556,2039-06-02,0.0133248466,10000000.0000
Swap_E,Swap,36,0,2039-12-02,InterestProjected,-33681.6285,EUR,0.0133246003,0.2527777778,2039-09-02,0.0133246003,10000000.0000
Swap_E,Swap,37,0,2040-03-02,InterestProjected,-33681.6285,EUR,0.0133246003,0.2527777778,2039-12-02,0.0133246003,10000000.0000
Swap_E,Swap,38,0,2040-06-04,InterestProjected,-34792.6550,EUR,0.0133248466,0.2611111111,2040-03-02,0.0133248466,10000000.0000
Swap_E,Swap,39,0,2040-09-03,InterestProjected,-33681.6285,EUR,0.0133246003,0.2527777778,2040-06-04,0.0133248466,10000000.0000
Swap_E,Swap,40,0,2040-11-29,InterestProjected,-32199.9268,EUR,0.0133241077,0.2416666667,2040-09-03,0.0133246003,10000000.0000
Swap_E,Swap,1,1,2031-12-02,Interest,200000.0000,EUR,0.0200000000,1.0000000000,#N/A,#N/A,10000000.0000
Swap_E,Swap,2,1,2032-12-02,Interest,200044.9135,EUR,0.0200000000,1.0002245677,#N/A,#N/A,10000000.0000
Swap_E,Swap,3,1,2033-12-02,Interest,199955.0865,EUR,0.0200000000,0.9997754323,#N/A,#N/A,10000000.0000
Swap_E,Swap,4,1,2034-12-04,Interest,201095.8904,EUR,0.0200000000,1.0054794521,#N/A,#N/A,10000000.0000
Swap_E,Swap,5,1,2035-12-03,Interest,199452.0548,EUR,0.0200000000,0.9972602740,#N/A,#N/A,10000000.0000
Swap_E,Swap,6,1,2036-12-02,Interest,199496.9683,EUR,0.0200000000,0.9974848417,#N/A,#N/A,10000000.0000
Swap_E,Swap,7,1,2037-12-02,Interest,199955.0865,EUR,0.0200000000,0.9997754323,#N/A,#N/A,10000000.0000
Swap_E,Swap,8,1,2038-12-02,Interest,200000.0000,EUR,0.0200000000,1.0000000000,#N/A,#N/A,10000000.0000
Swap_E,Swap,9,1,2039-12-02,Interest,200000.0000,EUR,0.0200000000,1.0000000000,#N/A,#N/A,10000000.0000
Swap_E,Swap,10,1,2040-11-29,Interest,198405.5693,EUR,0.0200000000,0.9920278464,#N/A,#N/A,10000000.0000
Swap_F,Swap,1,0,2030-04-15,InterestProjected,-42488.9221,EUR,0.0168088043,0.2527777778,2030-01-14,0.0168084125,10000000.0000
Swap_F,Swap,2,0,2030-07-15,InterestProjected,-42488.9221,EUR,0.0168088043,0.2527777778,2030-04-15,0.0168088043,10000000.0000
Swap_F,Swap,3,0,2030-10-14,InterestProjected,-42488.9221,EUR,0.0168088043,0.2527777778,2030-07-15,0.0168091962,10000000.0000
Swap_F,Swap,4,0,2031-01-13,InterestProjected,-42488.9221,EUR,0.0168088043,0.2527777778,2030-10-14,0.0168091962,10000000.0000
Swap_F,Swap,5,0,2031-04-15,InterestProjected,-38116.8052,EUR,0.0149152716,0.2555555556,2031-01-13,0.0149312289,10000000.0000
Swap_F,Swap,6,0,2031-07-14,InterestProjected,-35422.1843,EUR,0.0141688737,0.2500000000,2031-04-15,0.0141691522,10000000.0000
Swap_F,Swap,7,0,2031-10-13,InterestProjected,-35816.4681,EUR,0.0141691522,0.2527777778,2031-07-14,0.0141694307,10000000.0000
Swap_F,Swap,8,0,2032-01-13,InterestProjected,-36210.7674,EUR,0.0141694307,0.2555555556,2031-10-13,0.0141694307,10000000.0000
Swap_F,Swap,9,0,2032-04-13,InterestProjected,-35816.4681,EUR,0.0141691522,0.2527777778,2032-01-13,0.0141691522,10000000.0000
Swap_F,Swap,10,0,2032-07-13,InterestProjected,-35816.4681,EUR,0.0141691522,0.2527777778,2032-04-13,0.0141691522,10000000.0000
Swap_F,Swap,11,0,2032-10-13,InterestProjected,-36210.7674,EUR,0.0141694307,0.2555555556,2032-07-13,0.0141694307,10000000.0000
Swap_F,Swap,12,0,2033-01-13,InterestProjected,-36212.1910,EUR,0.0141699878,0.2555555556,2032-10-13,0.0141699878,10000000.0000
Swap_F,Swap,13,0,2033-04-13,InterestProjected,-35423.5768,EUR,0.0141694307,0.2500000000,2033-01-13,0.0141694307,10000000.0000
Swap_F,Swap,14,0,2033-07-13,InterestProjected,-35813.6522,EUR,0.0141680383,0.2527777778,2033-04-13,0.0141691522,10000000.0000
Swap_F,Swap,15,0,2033-10-13,InterestProjected,-36212.1910,EUR,0.0141699878,0.2555555556,2033-07-13,0.0141699878,10000000.0000
Swap_F,Swap,16,0,2034-01-13,InterestProjected,-36210.7674,EUR,0.0141694307,0.2555555556,2033-10-13,0.0141694307,10000000.0000
Swap_F,Swap,17,0,2034-04-13,InterestProjected,-35422.1843,EUR,0.0141688737,0.2500000000,2034-01-13,0.0141688737,10000000.0000
Swap_F,Swap,18,0,2034-07-13,InterestProjected,-35816.4681,EUR,0.0141691522,0.2527777778,2034-04-13,0.0141691522,10000000.0000
Swap_F,Swap,19,0,2034-10-13,InterestProjected,-36210.7674,EUR,0.0141694307,0.2555555556,2034-07-13,0.0141694307,10000000.0000
Swap_F,Swap,20,0,2035-01-15,InterestProjected,-36997.9580,EUR,0.0141694307,0.2611111111,2034-10-13,0.0141694307,10000000.0000
Swap_F,Swap,21,0,2035-04-13,InterestProjected,-34635.0246,EUR,0.0141688737,0.2444444444,2035-01-15,0.0141688737,10000000.0000
Swap_F,Swap,22,0,2035-07-13,InterestProjected,-35816.4681,EUR,0.0141691522,0.2527777778,2035-04-13,0.0141691522,10000000.0000
Swap_F,Swap,23,0,2035-10-15,InterestProjected,-36997.9580,EUR,0.0141694307,0.2611111111,2035-07-13,0.0141694307,10000000.0000
Swap_F,Swap,24,0,2036-01-14,InterestProjected,-35816.4681,EUR,0.0141691522,0.2527777778,2035-10-15,0.0141694307,10000000.0000
Swap_F,Swap,25,0,2036-04-15,InterestProjected,-34662.3161,EUR,0.0135635150,0.2555555556,2036-01-14,0.0135658825,10000000.0000
Swap_F,Swap,26,0,2036-07-14,InterestProjected,-33310.8849,EUR,0.0133243540,0.2500000000,2036-04-15,0.0133246003,10000000.0000
Swap_F,Swap,27,0,2036-10-13,InterestProjected,-33681.6285,EUR,0.0133246003,0.2527777778,2036-07-14,0.0133248466,10000000.0000
Swap_F,Swap,28,0,2037-01-13,InterestProjected,-34052.3857,EUR,0.0133248466,0.2555555556,2036-10-13,0.0133248466,10000000.0000
Swap_F,Swap,29,0,2037-04-13,InterestProjected,-33310.8849,EUR,0.0133243540,0.2500000000,2037-01-13,0.0133243540,10000000.0000
Swap_F,Swap,30,0,2037-07-13,InterestProjected,-33681.6285,EUR,0.0133246003,0.2527777778,2037-04-13,0.0133246003,10000000.0000
Swap_F,Swap,31,0,2037-10-13,InterestProjected,-34052.3857,EUR,0.0133248466,0.2555555556,2037-07-13,0.0133248466,10000000.0000
Swap_F,Swap,32,0,2038-01-13,InterestProjected,-34052.3857,EUR,0.0133248466,0.2555555556,2037-10-13,0.0133248466,10000000.0000
Swap_F,Swap,33,0,2038-04-13,InterestProjected,-33310.8849,EUR,0.0133243540,0.2500000000,2038-01-13,0.0133243540,10000000.0000
Swap_F,Swap,34,0,2038-07-13,InterestProjected,-33681.6285,EUR,0.0133246003,0.2527777778,2038-04-13,0.0133246003,10000000.0000
Swap_F,Swap,35,0,2038-10-13,InterestProjected,-34052.3857,EUR,0.0133248466,0.2555555556,2038-07-13,0.0133248466,10000000.0000
Swap_F,Swap,36,0,2039-01-13,InterestProjected,-34053.6447,EUR,0.0133253392,0.2555555556,2038-10-13,0.0133253392,10000000.0000
Swap_F,Swap,37,0,2039-04-13,InterestProjected,-33309.6534,EUR,0.0133238614,0.2500000000,2039-01-13,0.0133246003,10000000.0000
Swap_F,Swap,38,0,2039-07-13,InterestProjected,-33681.6285,EUR,0.0133246003,0.2527777778,2039-04-13,0.0133246003,10000000.0000
Swap_F,Swap,39,0,2039-10-13,InterestProjected,-34053.6447,EUR,0.0133253392,0.2555555556,2039-07-13,0.0133253392,10000000.0000
Swap_F,Swap,40,0,2040-01-11,InterestProjected,-33309.6534,EUR,0.0133238614,0.2500000000,2039-10-13,0.0133248466,10000000.0000
Swap_F,Swap,1,1,2031-01-13,Interest,199452.0548,EUR,0.0200000000,0.9972602740,#N/A,#N/A,10000000.0000
Swap_F,Swap,2,1,2032-01-13,Interest,199982.0346,EUR,0.0200000000,0.9999101729,#N/A,#N/A,10000000.0000
Swap_F,Swap,3,1,2033-01-13,Interest,200017.9654,EUR,0.0200000000,1.0000898271,#N/A,#N/A,10000000.0000
Swap_F,Swap,4,1,2034-01-13,Interest,200000.0000,EUR,0.0200000000,1.0000000000,#N/A,#N/A,10000000.0000
Swap_F,Swap,5,1,2035-01-15,Interest,201095.8904,EUR,0.0200000000,1.0054794521,#N/A,#N/A,10000000.0000
Swap_F,Swap,6,1,2036-01-14,Interest,199432.5923,EUR,0.0200000000,0.9971629613,#N/A,#N/A,10000000.0000
Swap_F,Swap,7,1,2037-01-13,Interest,199471.5173,EUR,0.0200000000,0.9973575866,#N/A,#N/A,10000000.0000
Swap_F,Swap,8,1,2038-01-13,Interest,200000.0000,EUR,0.0200000000,1.0000000000,#N/A,#N/A,10000000.0000
Swap_F,Swap,9,1,2039-01-13,Interest,200000.0000,EUR,0.0200000000,1.0000000000,#N/A,#N/A,10000000.0000
Swap_F,Swap,10,1,2040-01-11,Interest,198889.1384,EUR,0.0200000000,0.9944456920,#N/A,#N/A,10000000.0000
Swap_14,Swap,1,0,2029-02-09,InterestProjected,-42956.8347,EUR,0.0168091962,0.2555555556,2028-11-09,0.0168091962,10000000.0000
Swap_14,Swap,2,0,2029-05-09,InterestProjected,-41551.2248,EUR,0.0168072370,0.2472222222,2029-02-09,0.0168084125,10000000.0000
Swap_14,Swap,3,0,2029-08-09,InterestProjected,-42958.8377,EUR,0.0168099800,0.2555555556,2029-05-09,0.0168099800,10000000.0000
Swap_14,Swap,4,0,2029-11-09,InterestProjected,-42956.8347,EUR,0.0168091962,0.2555555556,2029-08-09,0.0168091962,10000000.0000
Swap_14,Swap,5,0,2030-02-11,InterestProjected,-43890.6790,EUR,0.0168091962,0.2611111111,2029-11-09,0.0168091962,10000000.0000
Swap_14,Swap,6,0,2030-05-09,InterestProjected,-40619.3832,EUR,0.0168080207,0.2416666667,2030-02-11,0.0168080207,10000000.0000
Swap_14,Swap,7,0,2030-08-09,InterestProjected,-42956.8347,EUR,0.0168091962,0.2555555556,2030-05-09,0.0168091962,10000000.0000
Swap_14,Swap,8,0,2030-11-11,InterestProjected,-43890.6790,EUR,0.0168091962,0.2611111111,2030-08-09,0.0168091962,10000000.0000
Swap_14,Swap,9,0,2031-02-10,InterestProjected,-42342.2271,EUR,0.0167507711,0.2527777778,2030-11-11,0.0167230889,10000000.0000
Swap_14,Swap,10,0,2031-05-09,InterestProjected,-34635.0246,EUR,0.0141688737,0.2444444444,2031-02-10,0.0141685952,10000000.0000
Swap_14,Swap,11,0,2031-08-11,InterestProjected,-36997.9580,EUR,0.0141694307,0.2611111111,2031-05-09,0.0141694307,10000000.0000
Swap_14,Swap,12,0,2031-11-10,InterestProjected,-35816.4681,EUR,0.0141691522,0.2527777778,2031-08-11,0.0141694307,10000000.0000
Swap_14,Swap,13,0,2032-02-09,InterestProjected,-35816.4681,EUR,0.0141691522,0.2527777778,2031-11-10,0.0141694307,10000000.0000
Swap_14,Swap,14,0,2032-05-10,InterestProjected,-35816.4681,EUR,0.0141691522,0.2527777778,2032-02-09,0.0141688737,10000000.0000
Swap_14,Swap,15,0,2032-08-09,InterestProjected,-35816.4681,EUR,0.0141691522,0.2527777778,2032-05-10,0.0141694307,10000000.0000
Swap_14,Swap,16,0,2032-11-09,InterestProjected,-36210.7674,EUR,0.0141694307,0.2555555556,2032-08-09,0.0141694307,10000000.0000
Swap_14,Swap,17,0,2033-02-09,InterestProjected,-36210.7674,EUR,0.0141694307,0.2555555556,2032-11-09,0.0141694307,10000000.0000
Swap_14,Swap,18,0,2033-05-09,InterestProjected,-35027.9160,EUR,0.0141685952,0.2472222222,2033-02-09,0.0141685952,10000000.0000
Swap_14,Swap,19,0,2033-08-09,InterestProjected,-36210.7674,EUR,0.0141694307,0.2555555556,2033-05-09,0.0141694307,10000000.0000
Swap_14,Swap,20,0,2033-11-09,InterestProjected,-36210.7674,EUR,0.0141694307,0.2555555556,2033-08-09,0.0141694307,10000000.0000
Swap_14,Swap,21,0,2034-02-09,InterestProjected,-36212.1910,EUR,0.0141699878,0.2555555556,2033-11-09,0.0141699878,10000000.0000
Swap_14,Swap,22,0,2034-05-09,InterestProjected,-35026.5390,EUR,0.0141680383,0.2472222222,2034-02-09,0.0141691522,10000000.0000
Swap_14,Swap,23,0,2034-08-09,InterestProjected,-36210.7674,EUR,0.0141694307,0.2555555556,2034-05-09,0.0141694307,10000000.0000
Swap_14,Swap,24,0,2034-11-09,InterestProjected,-36212.1910,EUR,0.0141699878,0.2555555556,2034-08-09,0.0141699878,10000000.0000
Swap_14,Swap,25,0,2035-02-09,InterestProjected,-36210.7674,EUR,0.0141694307,0.2555555556,2034-11-09,0.0141694307,10000000.0000
Swap_14,Swap,26,0,2035-05-09,InterestProjected,-35026.5390,EUR,0.0141680383,0.2472222222,2035-02-09,0.0141688737,10000000.0000
Swap_14,Swap,27,0,2035-08-09,InterestProjected,-36212.1910,EUR,0.0141699878,0.2555555556,2035-05-09,0.0141699878,10000000.0000
Swap_14,Swap,28,0,2035-11-09,InterestProjected,-36210.7674,EUR,0.0141694307,0.2555555556,2035-08-09,0.0141694307,10000000.0000
Swap_14,Swap,29,0,2036-02-11,InterestProjected,-36950.0116,EUR,0.0141510683,0.2611111111,2035-11-09,0.0141510683,10000000.0000
Swap_14,Swap,30,0,2036-05-09,InterestProjected,-32570.6430,EUR,0.0133243540,0.2444444444,2036-02-11,0.0133243540,10000000.0000
Swap_14,Swap,31,0,2036-08-11,InterestProjected,-34792.6550,EUR,0.0133248466,0.2611111111,2036-05-09,0.0133248466,10000000.0000
Swap_14,Swap,32,0,2036-11-10,InterestProjected,-33681.6285,EUR,0.0133246003,0.2527777778,2036-08-11,0.0133248466,10000000.0000
Swap_14,Swap,33,0,2037-02-09,InterestProjected,-33681.6285,EUR,0.0133246003,0.2527777778,2036-11-10,0.0133248466,10000000.0000
Swap_14,Swap,34,0,2037-05-11,InterestProjected,-33681.6285,EUR,0.0133246003,0.2527777778,2037-02-09,0.0133241077,10000000.0000
Swap_14,Swap,35,0,2037-08-10,InterestProjected,-33681.6285,EUR,0.0133246003,0.2527777778,2037-05-11,0.0133248466,10000000.0000
Swap_14,Swap,36,0,2037-11-09,InterestProjected,-33681.6285,EUR,0.0133246003,0.2527777778,2037-08-10,0.0133248466,10000000.0000
Swap_14,Swap,37,0,2038-02-09,InterestProjected,-34052.3857,EUR,0.0133248466,0.2555555556,2037-11-09,0.0133248466,10000000.0000
Swap_14,Swap,38,0,2038-05-10,InterestProjected,-33310.8849,EUR,0.0133243540,0.2500000000,2038-02-09,0.0133241077,10000000.0000
Swap_14,Swap,39,0,2038-08-09,InterestProjected,-33681.6285,EUR,0.0133246003,0.2527777778,2038-05-10,0.0133248466,10000000.0000
Swap_14,Swap,40,0,2038-11-08,InterestProjected,-33681.6285,EUR,0.0133246003,0.2527777778,2038-08-09,0.0133248466,10000000.0000
Swap_14,Swap,1,1,2029-11-09,Interest,199920.6527,EUR,0.0200000000,0.9996032637,#N/A,#N/A,10000000.0000
Swap_14,Swap,2,1,2030-11-11,Interest,201095.8904,EUR,0.0200000000,1.0054794521,#N/A,#N/A,10000000.0000
Swap_14,Swap,3,1,2031-11-10,Interest,199452.0548,EUR,0.0200000000,0.9972602740,#N/A,#N/A,10000000.0000
Swap_14,Swap,4,1,2032-11-09,Interest,199531.4021,EUR,0.0200000000,0.9976570103,#N/A,#N/A,10000000.0000
Swap_14,Swap,5,1,2033-11-09,Interest,199920.6527,EUR,0.0200000000,0.9996032637,#N/A,#N/A,10000000.0000
Swap_14,Swap,6,1,2034-11-09,Interest,200000.0000,EUR,0.0200000000,1.0000000000,#N/A,#N/A,10000000.0000
Swap_14,Swap,7,1,2035-11-09,Interest,200000.0000,EUR,0.0200000000,1.0000000000,#N/A,#N/A,10000000.0000
Swap_14,Swap,8,1,2036-11-10,Interest,200625.7953,EUR,0.0200000000,1.0031289767,#N/A,#N/A,10000000.0000
Swap_14,Swap,9,1,2037-11-09,Interest,199374.2047,EUR,0.0200000000,0.9968710233,#N/A,#N/A,10000000.0000
Swap_14,Swap,10,1,2038-11-08,Interest,199452.0548,EUR,0.0200000000,0.9972602740,#N/A,#N/A,10000000.0000
Swap_16,Swap,1,0,2027-09-06,InterestProjected,-40632.9338,EUR,0.0160745672,0.2527777778,2027-06-07,0.0160749256,10000000.0000
Swap_16,Swap,2,0,2027-12-06,InterestProjected,-40632.9338,EUR,0.0160745672,0.2527777778,2027-09-06,0.0160745672,10000000.0000
Swap_16,Swap,3,0,2028-03-06,InterestProjected,-41203.9706,EUR,0.0163004719,0.2527777778,2027-12-06,0.0163004719,10000000.0000
Swap_16,Swap,4,0,2028-06-05,InterestProjected,-42488.9221,EUR,0.0168088043,0.2527777778,2028-03-06,0.0168091962,10000000.0000
Swap_16,Swap,5,0,2028-09-05,InterestProjected,-42956.8347,EUR,0.0168091962,0.2555555556,2028-06-05,0.0168091962,10000000.0000
Swap_16,Swap,6,0,2028-12-05,InterestProjected,-42488.9221,EUR,0.0168088043,0.2527777778,2028-09-05,0.0168088043,10000000.0000
Swap_16,Swap,7,0,2029-03-05,InterestProjected,-42021.0312,EUR,0.0168084125,0.2500000000,2028-12-05,0.0168084125,10000000.0000
Swap_16,Swap,8,0,2029-06-05,InterestProjected,-42956.8347,EUR,0.0168091962,0.2555555556,2029-03-05,0.0168091962,10000000.0000
Swap_16,Swap,9,0,2029-09-05,InterestProjected,-42956.8347,EUR,0.0168091962,0.2555555556,2029-06-05,0.0168091962,10000000.0000
Swap_16,Swap,10,0,2029-12-05,InterestProjected,-42488.9221,EUR,0.0168088043,0.2527777778,2029-09-05,0.0168088043,10000000.0000
Swap_16,Swap,11,0,2030-03-05,InterestProjected,-42021.0312,EUR,0.0168084125,0.2500000000,2029-12-05,0.0168084125,10000000.0000
Swap_16,Swap,12,0,2030-06-05,InterestProjected,-42956.8347,EUR,0.0168091962,0.2555555556,2030-03-05,0.0168091962,10000000.0000
Swap_16,Swap,13,0,2030-09-05,InterestProjected,-42958.8377,EUR,0.0168099800,0.2555555556,2030-06-05,0.0168099800,10000000.0000
Swap_16,Swap,14,0,2030-12-05,InterestProjected,-42488.9221,EUR,0.0168088043,0.2527777778,2030-09-05,0.0168088043,10000000.0000
Swap_16,Swap,15,0,2031-03-05,InterestProjected,-40144.1293,EUR,0.0160576517,0.2500000000,2030-12-05,0.0159964168,10000000.0000
Swap_16,Swap,16,0,2031-06-05,InterestProjected,-36212.1910,EUR,0.0141699878,0.2555555556,2031-03-05,0.0141699878,10000000.0000
Swap_16,Swap,17,0,2031-09-05,InterestProjected,-36210.7674,EUR,0.0141694307,0.2555555556,2031-06-05,0.0141694307,10000000.0000
Swap_16,Swap,18,0,2031-12-05,InterestProjected,-35816.4681,EUR,0.0141691522,0.2527777778,2031-09-05,0.0141691522,10000000.0000
Swap_16,Swap,19,0,2032-03-05,InterestProjected,-35816.4681,EUR,0.0141691522,0.2527777778,2031-12-05,0.0141691522,10000000.0000
Swap_16,Swap,20,0,2032-06-07,InterestProjected,-36997.9580,EUR,0.0141694307,0.2611111111,2032-03-05,0.0141694307,10000000.0000
Swap_16,Swap,21,0,2032-09-06,InterestProjected,-35816.4681,EUR,0.0141691522,0.2527777778,2032-06-07,0.0141694307,10000000.0000
Swap_16,Swap,22,0,2032-12-06,InterestProjected,-35816.4681,EUR,0.0141691522,0.2527777778,2032-09-06,0.0141691522,10000000.0000
Swap_16,Swap,23,0,2033-03-07,InterestProjected,-35816.4681,EUR,0.0141691522,0.2527777778,2032-12-06,0.0141688737,10000000.0000
Swap_16,Swap,24,0,2033-06-06,InterestProjected,-35816.4681,EUR,0.0141691522,0.2527777778,2033-03-07,0.0141694307,10000000.0000
Swap_16,Swap,25,0,2033-09-05,InterestProjected,-35816.4681,EUR,0.0141691522,0.2527777778,2033-06-06,0.0141694307,10000000.0000
Swap_16,Swap,26,0,2033-12-05,InterestProjected,-35816.4681,EUR,0.0141691522,0.2527777778,2033-09-05,0.0141691522,10000000.0000
Swap_16,Swap,27,0,2034-03-06,InterestProjected,-35816.4681,EUR,0.0141691522,0.2527777778,2033-12-05,0.0141688737,10000000.0000
Swap_16,Swap,28,0,2034-06-05,InterestProjected,-35816.4681,EUR,0.0141691522,0.2527777778,2034-03-06,0.0141694307,10000000.0000
Swap_16,Swap,29,0,2034-09-05,InterestProjected,-36210.7674,EUR,0.0141694307,0.2555555556,2034-06-05,0.0141694307,10000000.0000
Swap_16,Swap,30,0,2034-12-05,InterestProjected,-35816.4681,EUR,0.0141691522,0.2527777778,2034-09-05,0.0141691522,10000000.0000
Swap_16,Swap,31,0,2035-03-05,InterestProjected,-35422.1843,EUR,0.0141688737,0.2500000000,2034-12-05,0.0141688737,10000000.0000
Swap_16,Swap,32,0,2035-06-05,InterestProjected,-36210.7674,EUR,0.0141694307,0.2555555556,2035-03-05,0.0141694307,10000000.0000
Swap_16,Swap,33,0,2035-09-05,InterestProjected,-36210.7674,EUR,0.0141694307,0.2555555556,2035-06-05,0.0141694307,10000000.0000
Swap_16,Swap,34,0,2035-12-05,InterestProjected,-35816.4681,EUR,0.0141691522,0.2527777778,2035-09-05,0.0141691522,10000000.0000
Swap_16,Swap,35,0,2036-03-05,InterestProjected,-35229.9285,EUR,0.0139371146,0.2527777778,2035-12-05,0.0139371146,10000000.0000
Swap_16,Swap,36,0,2036-06-05,InterestProjected,-34053.6447,EUR,0.0133253392,0.2555555556,2036-03-05,0.0133253392,10000000.0000
Swap_16,Swap,37,0,2036-09-05,InterestProjected,-34052.3857,EUR,0.0133248466,0.2555555556,2036-06-05,0.0133248466,10000000.0000
Swap_16,Swap,38,0,2036-12-05,InterestProjected,-33681.6285,EUR,0.0133246003,0.2527777778,2036-09-05,0.0133246003,10000000.0000
Swap_16,Swap,39,0,2037-03-05,InterestProjected,-33310.8849,EUR,0.0133243540,0.2500000000,2036-12-05,0.0133243540,10000000.0000
Swap_16,Swap,40,0,2037-06-02,InterestProjected,-32938.9372,EUR,0.0133236151,0.2472222222,2037-03-05,0.0133248466,10000000.0000
Swap_16,Swap,1,1,2028-06-05,Interest,199218.5044,EUR,0.0200000000,0.9960925219,#N/A,#N/A,10000000.0000
Swap_16,Swap,2,1,2029-06-05,Interest,199685.6052,EUR,0.0200000000,0.9984280260,#N/A,#N/A,10000000.0000
Swap_16,Swap,3,1,2030-06-05,Interest,200000.0000,EUR,0.0200000000,1.0000000000,#N/A,#N/A,10000000.0000
Swap_16,Swap,4,1,2031-06-05,Interest,200000.0000,EUR,0.0200000000,1.0000000000,#N/A,#N/A,10000000.0000
Swap_16,Swap,5,1,2032-06-07,Interest,201407.2910,EUR,0.0200000000,1.0070364548,#N/A,#N/A,10000000.0000
Swap_16,Swap,6,1,2033-06-06,Interest,199140.6542,EUR,0.0200000000,0.9957032712,#N/A,#N/A,10000000.0000
Swap_16,Swap,7,1,2034-06-05,Interest,199452.0548,EUR,0.0200000000,0.9972602740,#N/A,#N/A,10000000.0000
Swap_16,Swap,8,1,2035-06-05,Interest,200000.0000,EUR,0.0200000000,1.0000000000,#N/A,#N/A,10000000.0000
Swap_16,Swap,9,1,2036-06-05,Interest,200314.3948,EUR,0.0200000000,1.0015719740,#N/A,#N/A,10000000.0000
Swap_16,Swap,10,1,2037-06-02,Interest,198041.7696,EUR,0.0200000000,0.9902088480,#N/A,#N/A,10000000.0000
Swap_80,Swap,1,0,2026-11-09,InterestProjected,-40632.9338,EUR,0.0160745672,0.2527777778,2026-08-10,0.0160749256,10000000.0000
Swap_80,Swap,2,0,2027-02-09,InterestProjected,-41080.3655,EUR,0.0160749256,0.2555555556,2026-11-09,0.0160749256,10000000.0000
Swap_80,Swap,3,0,2027-05-10,InterestProjected,-40185.5221,EUR,0.0160742088,0.2500000000,2027-02-09,0.0160738505,10000000.0000
Swap_80,Swap,4,0,2027-08-09,InterestProjected,-40632.9338,EUR,0.0160745672,0.2527777778,2027-05-10,0.0160749256,10000000.0000
Swap_80,Swap,5,0,2027-11-09,InterestProjected,-41080.3655,EUR,0.0160749256,0.2555555556,2027-08-09,0.0160749256,10000000.0000
Swap_80,Swap,6,0,2028-02-09,InterestProjected,-41121.1546,EUR,0.0160908866,0.2555555556,2027-11-09,0.0160908866,10000000.0000
Swap_80,Swap,7,0,2028-05-09,InterestProjected,-42021.0312,EUR,0.0168084125,0.2500000000,2028-02-09,0.0168084125,10000000.0000
Swap_80,Swap,8,0,2028-08-09,InterestProjected,-42956.8347,EUR,0.0168091962,0.2555555556,2028-05-09,0.0168091962,10000000.0000
Swap_80,Swap,9,0,2028-11-09,InterestProjected,-42958.8377,EUR,0.0168099800,0.2555555556,2028-08-09,0.0168099800,10000000.0000
Swap_80,Swap,10,0,2029-02-09,InterestProjected,-42956.8347,EUR,0.0168091962,0.2555555556,2028-11-09,0.0168091962,10000000.0000
Swap_80,Swap,11,0,2029-05-09,InterestProjected,-41551.2248,EUR,0.0168072370,0.2472222222,2029-02-09,0.0168084125,10000000.0000
Swap_80,Swap,12,0,2029-08-09,InterestProjected,-42958.8377,EUR,0.0168099800,0.2555555556,2029-05-09,0.0168099800,10000000.0000
Swap_80,Swap,13,0,2029-11-09,InterestProjected,-42956.8347,EUR,0.0168091962,0.2555555556,2029-08-09,0.0168091962,10000000.0000
Swap_80,Swap,14,0,2030-02-11,InterestProjected,-43890.6790,EUR,0.0168091962,0.2611111111,2029-11-09,0.0168091962,10000000.0000
Swap_80,Swap,15,0,2030-05-09,InterestProjected,-40619.3832,EUR,0.0168080207,0.2416666667,2030-02-11,0.0168080207,10000000.0000
Swap_80,Swap,16,0,2030-08-09,InterestProjected,-42956.8347,EUR,0.0168091962,0.2555555556,2030-05-09,0.0168091962,10000000.0000
Swap_80,Swap,17,0,2030-11-11,InterestProjected,-43890.6790,EUR,0.0168091962,0.2611111111,2030-08-09,0.0168091962,10000000.0000
Swap_80,Swap,18,0,2031-02-10,InterestProjected,-42342.2271,EUR,0.0167507711,0.2527777778,2030-11-11,0.0167230889,10000000.0000
Swap_80,Swap,19,0,2031-05-09,InterestProjected,-34635.0246,EUR,0.0141688737,0.2444444444,2031-02-10,0.0141685952,10000000.0000
Swap_80,Swap,20,0,2031-08-11,InterestProjected,-36997.9580,EUR,0.0141694307,0.2611111111,2031-05-09,0.0141694307,10000000.0000
Swap_80,Swap,21,0,2031-11-10,InterestProjected,-35816.4681,EUR,0.0141691522,0.2527777778,2031-08-11,0.0141694307,10000000.0000
Swap_80,Swap,22,0,2032-02-09,InterestProjected,-35816.4681,EUR,0.0141691522,0.2527777778,2031-11-10,0.0141694307,10000000.0000
Swap_80,Swap,23,0,2032-05-10,InterestProjected,-35816.4681,EUR,0.0141691522,0.2527777778,2032-02-09,0.0141688737,10000000.0000
Swap_80,Swap,24,0,2032-08-09,InterestProjected,-35816.4681,EUR,0.0141691522,0.2527777778,2032-05-10,0.0141694307,10000000.0000
Swap_80,Swap,25,0,2032-11-09,InterestProjected,-36210.7674,EUR,0.0141694307,0.2555555556,2032-08-09,0.0141694307,10000000.0000
Swap_80,Swap,26,0,2033-02-09,InterestProjected,-36210.7674,EUR,0.0141694307,0.2555555556,2032-11-09,0.0141694307,10000000.0000
Swap_80,Swap,27,0,2033-05-09,InterestProjected,-35027.9160,EUR,0.0141685952,0.2472222222,2033-02-09,0.0141685952,10000000.0000
Swap_80,Swap,28,0,2033-08-09,InterestProjected,-36210.7674,EUR,0.0141694307,0.2555555556,2033-05-09,0.0141694307,10000000.0000
Swap_80,Swap,29,0,2033-11-09,InterestProjected,-36210.7674,EUR,0.0141694307,0.2555555556,2033-08-09,0.0141694307,10000000.0000
Swap_80,Swap,30,0,2034-02-09,InterestProjected,-36212.1910,EUR,0.0141699878,0.2555555556,2033-11-09,0.0141699878,10000000.0000
Swap_80,Swap,31,0,2034-05-09,InterestProjected,-35026.5390,EUR,0.0141680383,0.2472222222,2034-02-09,0.0141691522,10000000.0000
Swap_80,Swap,32,0,2034-08-09,InterestProjected,-36210.7674,EUR,0.0141694307,0.2555555556,2034-05-09,0.0141694307,10000000.0000
Swap_80,Swap,33,0,2034-11-09,InterestProjected,-36212.1910,EUR,0.0141699878,0.2555555556,2034-08-09,0.0141699878,10000000.0000
Swap_80,Swap,34,0,2035-02-09,InterestProjected,-36210.7674,EUR,0.0141694307,0.2555555556,2034-11-09,0.0141694307,10000000.0000
Swap_80,Swap,35,0,2035-05-09,InterestProjected,-35026.5390,EUR,0.0141680383,0.2472222222,2035-02-09,0.0141688737,10000000.0000
Swap_80,Swap,36,0,2035-08-09,InterestProjected,-36212.1910,EUR,0.0141699878,0.2555555556,2035-05-09,0.0141699878,10000000.0000
Swap_80,Swap,37,0,2035-11-09,InterestProjected,-36210.7674,EUR,0.0141694307,0.2555555556,2035-08-09,0.0141694307,10000000.0000
Swap_80,Swap,38,0,2036-02-11,InterestProjected,-36950.0116,EUR,0.0141510683,0.2611111111,2035-11-09,0.0141510683,10000000.0000
Swap_80,Swap,39,0,2036-05-09,InterestProjected,-32570.6430,EUR,0.0133243540,0.2444444444,2036-02-11,0.0133243540,10000000.0000
Swap_80,Swap,40,0,2036-08-06,InterestProjected,-32938.9372,EUR,0.0133236151,0.2472222222,2036-05-09,0.0133248466,10000000.0000
Swap_80,Swap,1,1,2027-08-09,Interest,199452.0548,EUR,0.0200000000,0.9972602740,#N/A,#N/A,10000000.0000
Swap_80,Swap,2,1,2028-08-09,Interest,200217.0821,EUR,0.0200000000,1.0010854106,#N/A,#N/A,10000000.0000
Swap_80,Swap,3,1,2029-08-09,Interest,199782.9179,EUR,0.0200000000,0.9989145894,#N/A,#N/A,10000000.0000
Swap_80,Swap,4,1,2030-08-09,Interest,200000.0000,EUR,0.0200000000,1.0000000000,#N/A,#N/A,10000000.0000
Swap_80,Swap,5,1,2031-08-11,Interest,201095.8904,EUR,0.0200000000,1.0054794521,#N/A,#N/A,10000000.0000
Swap_80,Swap,6,1,2032-08-09,Interest,199121.1917,EUR,0.0200000000,0.9956059585,#N/A,#N/A,10000000.0000
Swap_80,Swap,7,1,2033-08-09,Interest,199782.9179,EUR,0.0200000000,0.9989145894,#N/A,#N/A,10000000.0000
Swap_80,Swap,8,1,2034-08-09,Interest,200000.0000,EUR,0.0200000000,1.0000000000,#N/A,#N/A,10000000.0000
Swap_80,Swap,9,1,2035-08-09,Interest,200000.0000,EUR,0.0200000000,1.0000000000,#N/A,#N/A,10000000.0000
Swap_80,Swap,10,1,2036-08-06,Interest,198577.7379,EUR,0.0200000000,0.9928886893,#N/A,#N/A,10000000.0000
